variable,importancia
GPA,0.4864290745419317
Absences,0.20760883604689798
StudyTimeWeekly,0.0903981476136013
ParentalSupport,0.043716856402068835
Age,0.031107963302954178
Ethnicity,0.028514559346634435
ParentalEducation,0.02810038471322618
Tutoring,0.018278070892319306
Gender,0.015825965777603933
Extracurricular,0.015055947939720801
Sports,0.014537687051911314
Music,0.010261259134917503
Volunteering,0.01016524723621275
